{"cameraMode":{"drawMode":0,"name":"Shaded","section":"Shading Mode"},"sceneLighting":false,"audioPlay":false,"sceneViewState":{"m_AlwaysRefresh":false,"showFog":false,"showSkybox":false,"showFlares":false,"showImageEffects":false,"showParticleSystems":false,"showVisualEffectGraphs":true,"m_FxEnabled":true},"in2DMode":false,"pivot":{"x":0.2629351317882538,"y":0.9026734232902527,"z":-0.5370707511901856},"rotation":{"x":0.01819305308163166,"y":0.9688398838043213,"z":-0.23555848002433778,"w":0.07514803856611252},"size":1.415897250175476,"orthographic":false}